"CAMPAIGN_PERFORMANCE_REPORT (Apr 12, 2016-May 11, 2016)"
Day,Campaign ID,Campaign,Impressions,Clicks,Cost
2016-04-13,361299514,Moonbow AF Lunch ( True View),0,0,0
2016-04-15,361299514,Moonbow AF Lunch ( True View),0,0,0
2016-04-16,361299514,Moonbow AF Lunch ( True View),0,0,0
2016-04-17,361299514,Moonbow AF Lunch ( True View),0,0,0
2016-04-18,361299514,Moonbow AF Lunch ( True View),0,0,0
2016-04-21,361299514,Moonbow AF Lunch ( True View),0,0,0
2016-04-26,361299514,Moonbow AF Lunch ( True View),0,0,0
2016-04-29,361299514,Moonbow AF Lunch ( True View),0,0,0
2016-04-30,361299514,Moonbow AF Lunch ( True View),0,0,0
2016-05-01,361299514,Moonbow AF Lunch ( True View),0,0,0
2016-05-04,361299514,Moonbow AF Lunch ( True View),0,0,0
2016-05-05,361299514,Moonbow AF Lunch ( True View),0,0,0
2016-05-06,361299514,Moonbow AF Lunch ( True View),0,0,0
2016-05-07,361299514,Moonbow AF Lunch ( True View),0,0,0
2016-05-10,361299514,Moonbow AF Lunch ( True View),0,0,0
2016-04-15,361299874,Moonbow AF awareness video ( True View),0,0,0
2016-04-25,361299874,Moonbow AF awareness video ( True View),0,0,0
2016-04-26,361299874,Moonbow AF awareness video ( True View),0,0,0
2016-04-30,361299874,Moonbow AF awareness video ( True View),0,0,0
2016-05-01,361299874,Moonbow AF awareness video ( True View),0,0,0
2016-05-03,361299874,Moonbow AF awareness video ( True View),0,0,0
2016-05-04,361299874,Moonbow AF awareness video ( True View),0,0,0
2016-05-05,361299874,Moonbow AF awareness video ( True View),0,0,0
2016-05-07,361299874,Moonbow AF awareness video ( True View),0,0,0
2016-05-09,361299874,Moonbow AF awareness video ( True View),0,0,0
2016-04-13,361977634,Moon bow (Advantedges Contextual Targeting ),0,0,0
2016-04-14,361977634,Moon bow (Advantedges Contextual Targeting ),0,0,0
2016-04-18,361977634,Moon bow (Advantedges Contextual Targeting ),0,0,0
2016-04-19,361977634,Moon bow (Advantedges Contextual Targeting ),0,0,0
2016-04-21,361977634,Moon bow (Advantedges Contextual Targeting ),0,0,0
2016-04-23,361977634,Moon bow (Advantedges Contextual Targeting ),0,0,0
2016-04-24,361977634,Moon bow (Advantedges Contextual Targeting ),0,0,0
2016-04-26,361977634,Moon bow (Advantedges Contextual Targeting ),0,0,0
2016-04-27,361977634,Moon bow (Advantedges Contextual Targeting ),0,0,0
2016-04-29,361977634,Moon bow (Advantedges Contextual Targeting ),0,0,0
2016-05-03,361977634,Moon bow (Advantedges Contextual Targeting ),0,0,0
2016-05-04,361977634,Moon bow (Advantedges Contextual Targeting ),0,0,0
2016-05-05,361977634,Moon bow (Advantedges Contextual Targeting ),0,0,0
2016-04-13,362459194,Kylis Lead Gen Campaign,0,0,0
2016-04-14,362459194,Kylis Lead Gen Campaign,0,0,0
2016-04-16,362459194,Kylis Lead Gen Campaign,0,0,0
2016-04-17,362459194,Kylis Lead Gen Campaign,0,0,0
2016-04-18,362459194,Kylis Lead Gen Campaign,0,0,0
2016-04-19,362459194,Kylis Lead Gen Campaign,0,0,0
2016-04-20,362459194,Kylis Lead Gen Campaign,0,0,0
2016-04-23,362459194,Kylis Lead Gen Campaign,0,0,0
2016-04-24,362459194,Kylis Lead Gen Campaign,0,0,0
2016-04-26,362459194,Kylis Lead Gen Campaign,0,0,0
2016-04-28,362459194,Kylis Lead Gen Campaign,0,0,0
2016-04-30,362459194,Kylis Lead Gen Campaign,0,0,0
2016-05-01,362459194,Kylis Lead Gen Campaign,0,0,0
2016-05-03,362459194,Kylis Lead Gen Campaign,0,0,0
2016-05-04,362459194,Kylis Lead Gen Campaign,0,0,0
2016-05-05,362459194,Kylis Lead Gen Campaign,0,0,0
2016-05-08,362459194,Kylis Lead Gen Campaign,0,0,0
2016-05-09,362459194,Kylis Lead Gen Campaign,0,0,0
2016-05-10,362459194,Kylis Lead Gen Campaign,0,0,0
2016-05-11,362459194,Kylis Lead Gen Campaign,0,0,0
2016-04-12,363250354,Batman Delivery,0,0,0
2016-04-13,363250354,Batman Delivery,0,0,0
2016-04-14,363250354,Batman Delivery,0,0,0
2016-04-15,363250354,Batman Delivery,0,0,0
2016-04-16,363250354,Batman Delivery,0,0,0
2016-04-17,363250354,Batman Delivery,0,0,0
2016-04-20,363250354,Batman Delivery,0,0,0
2016-04-22,363250354,Batman Delivery,0,0,0
2016-04-24,363250354,Batman Delivery,0,0,0
2016-04-28,363250354,Batman Delivery,0,0,0
2016-05-02,363250354,Batman Delivery,0,0,0
2016-05-05,363250354,Batman Delivery,0,0,0
2016-05-07,363250354,Batman Delivery,0,0,0
2016-05-09,363250354,Batman Delivery,0,0,0
2016-05-10,363250354,Batman Delivery,0,0,0
2016-05-11,363250354,Batman Delivery,0,0,0
2016-04-12,366284074,Moonbow Air purifier Launch ( Search),0,0,0
2016-04-14,366284074,Moonbow Air purifier Launch ( Search),0,0,0
2016-04-15,366284074,Moonbow Air purifier Launch ( Search),0,0,0
2016-04-16,366284074,Moonbow Air purifier Launch ( Search),0,0,0
2016-04-17,366284074,Moonbow Air purifier Launch ( Search),0,0,0
2016-04-20,366284074,Moonbow Air purifier Launch ( Search),0,0,0
2016-04-21,366284074,Moonbow Air purifier Launch ( Search),0,0,0
2016-04-22,366284074,Moonbow Air purifier Launch ( Search),0,0,0
2016-04-23,366284074,Moonbow Air purifier Launch ( Search),0,0,0
2016-04-24,366284074,Moonbow Air purifier Launch ( Search),0,0,0
2016-04-28,366284074,Moonbow Air purifier Launch ( Search),0,0,0
2016-04-29,366284074,Moonbow Air purifier Launch ( Search),0,0,0
2016-05-03,366284074,Moonbow Air purifier Launch ( Search),0,0,0
2016-05-06,366284074,Moonbow Air purifier Launch ( Search),0,0,0
2016-05-07,366284074,Moonbow Air purifier Launch ( Search),0,0,0
2016-05-08,366284074,Moonbow Air purifier Launch ( Search),0,0,0
2016-05-11,366284074,Moonbow Air purifier Launch ( Search),0,0,0
2016-04-12,366818074,Moonbow Air Purifier ( GDN),0,0,0
2016-04-14,366818074,Moonbow Air Purifier ( GDN),0,0,0
2016-04-15,366818074,Moonbow Air Purifier ( GDN),0,0,0
2016-04-17,366818074,Moonbow Air Purifier ( GDN),0,0,0
2016-04-18,366818074,Moonbow Air Purifier ( GDN),0,0,0
2016-04-20,366818074,Moonbow Air Purifier ( GDN),0,0,0
2016-04-21,366818074,Moonbow Air Purifier ( GDN),0,0,0
2016-04-25,366818074,Moonbow Air Purifier ( GDN),0,0,0
2016-04-26,366818074,Moonbow Air Purifier ( GDN),0,0,0
2016-04-27,366818074,Moonbow Air Purifier ( GDN),0,0,0
2016-04-28,366818074,Moonbow Air Purifier ( GDN),0,0,0
2016-04-29,366818074,Moonbow Air Purifier ( GDN),0,0,0
2016-04-30,366818074,Moonbow Air Purifier ( GDN),0,0,0
2016-05-02,366818074,Moonbow Air Purifier ( GDN),0,0,0
2016-05-03,366818074,Moonbow Air Purifier ( GDN),0,0,0
2016-05-04,366818074,Moonbow Air Purifier ( GDN),0,0,0
2016-05-07,366818074,Moonbow Air Purifier ( GDN),0,0,0
2016-05-08,366818074,Moonbow Air Purifier ( GDN),0,0,0
2016-05-09,366818074,Moonbow Air Purifier ( GDN),0,0,0
2016-04-12,368117434,Moonbow Remarketing,0,0,0
2016-04-13,368117434,Moonbow Remarketing,0,0,0
2016-04-14,368117434,Moonbow Remarketing,0,0,0
2016-04-15,368117434,Moonbow Remarketing,0,0,0
2016-04-17,368117434,Moonbow Remarketing,0,0,0
2016-04-19,368117434,Moonbow Remarketing,0,0,0
2016-04-20,368117434,Moonbow Remarketing,0,0,0
2016-04-22,368117434,Moonbow Remarketing,0,0,0
2016-04-24,368117434,Moonbow Remarketing,0,0,0
2016-04-26,368117434,Moonbow Remarketing,0,0,0
2016-04-27,368117434,Moonbow Remarketing,0,0,0
2016-05-01,368117434,Moonbow Remarketing,0,0,0
2016-05-02,368117434,Moonbow Remarketing,0,0,0
2016-05-03,368117434,Moonbow Remarketing,0,0,0
2016-05-06,368117434,Moonbow Remarketing,0,0,0
2016-05-07,368117434,Moonbow Remarketing,0,0,0
2016-05-08,368117434,Moonbow Remarketing,0,0,0
2016-05-11,368117434,Moonbow Remarketing,0,0,0
2016-04-14,373619314,[S[Moonbow_Air Purifier_Comp]: Competitor - Exact,0,0,0
2016-04-15,373619314,[S[Moonbow_Air Purifier_Comp]: Competitor - Exact,0,0,0
2016-04-16,373619314,[S[Moonbow_Air Purifier_Comp]: Competitor - Exact,0,0,0
2016-04-17,373619314,[S[Moonbow_Air Purifier_Comp]: Competitor - Exact,0,0,0
2016-04-18,373619314,[S[Moonbow_Air Purifier_Comp]: Competitor - Exact,0,0,0
2016-04-20,373619314,[S[Moonbow_Air Purifier_Comp]: Competitor - Exact,0,0,0
2016-04-22,373619314,[S[Moonbow_Air Purifier_Comp]: Competitor - Exact,0,0,0
2016-04-23,373619314,[S[Moonbow_Air Purifier_Comp]: Competitor - Exact,0,0,0
2016-04-25,373619314,[S[Moonbow_Air Purifier_Comp]: Competitor - Exact,0,0,0
2016-04-26,373619314,[S[Moonbow_Air Purifier_Comp]: Competitor - Exact,0,0,0
2016-04-27,373619314,[S[Moonbow_Air Purifier_Comp]: Competitor - Exact,0,0,0
2016-04-28,373619314,[S[Moonbow_Air Purifier_Comp]: Competitor - Exact,0,0,0
2016-05-04,373619314,[S[Moonbow_Air Purifier_Comp]: Competitor - Exact,0,0,0
2016-05-05,373619314,[S[Moonbow_Air Purifier_Comp]: Competitor - Exact,0,0,0
2016-05-06,373619314,[S[Moonbow_Air Purifier_Comp]: Competitor - Exact,0,0,0
2016-05-11,373619314,[S[Moonbow_Air Purifier_Comp]: Competitor - Exact,0,0,0
2016-04-13,373619794,[S[Moonbow_Air Purifier_Gen]: Generic - Exact,0,0,0
2016-04-18,373619794,[S[Moonbow_Air Purifier_Gen]: Generic - Exact,0,0,0
2016-04-23,373619794,[S[Moonbow_Air Purifier_Gen]: Generic - Exact,0,0,0
2016-04-24,373619794,[S[Moonbow_Air Purifier_Gen]: Generic - Exact,0,0,0
2016-04-30,373619794,[S[Moonbow_Air Purifier_Gen]: Generic - Exact,0,0,0
2016-05-01,373619794,[S[Moonbow_Air Purifier_Gen]: Generic - Exact,0,0,0
2016-05-04,373619794,[S[Moonbow_Air Purifier_Gen]: Generic - Exact,0,0,0
2016-05-05,373619794,[S[Moonbow_Air Purifier_Gen]: Generic - Exact,0,0,0
2016-05-06,373619794,[S[Moonbow_Air Purifier_Gen]: Generic - Exact,0,0,0
2016-05-08,373619794,[S[Moonbow_Air Purifier_Gen]: Generic - Exact,0,0,0
2016-04-12,373620514,[S[Moonbow_Air Purifier_Gen]: Generic - BMM,0,0,0
2016-04-13,373620514,[S[Moonbow_Air Purifier_Gen]: Generic - BMM,0,0,0
2016-04-15,373620514,[S[Moonbow_Air Purifier_Gen]: Generic - BMM,0,0,0
2016-04-16,373620514,[S[Moonbow_Air Purifier_Gen]: Generic - BMM,0,0,0
2016-04-17,373620514,[S[Moonbow_Air Purifier_Gen]: Generic - BMM,0,0,0
2016-04-19,373620514,[S[Moonbow_Air Purifier_Gen]: Generic - BMM,0,0,0
2016-04-20,373620514,[S[Moonbow_Air Purifier_Gen]: Generic - BMM,0,0,0
2016-04-22,373620514,[S[Moonbow_Air Purifier_Gen]: Generic - BMM,0,0,0
2016-04-23,373620514,[S[Moonbow_Air Purifier_Gen]: Generic - BMM,0,0,0
2016-04-24,373620514,[S[Moonbow_Air Purifier_Gen]: Generic - BMM,0,0,0
2016-04-26,373620514,[S[Moonbow_Air Purifier_Gen]: Generic - BMM,0,0,0
2016-05-03,373620514,[S[Moonbow_Air Purifier_Gen]: Generic - BMM,0,0,0
2016-05-06,373620514,[S[Moonbow_Air Purifier_Gen]: Generic - BMM,0,0,0
2016-05-07,373620514,[S[Moonbow_Air Purifier_Gen]: Generic - BMM,0,0,0
2016-05-08,373620514,[S[Moonbow_Air Purifier_Gen]: Generic - BMM,0,0,0
2016-05-10,373620514,[S[Moonbow_Air Purifier_Gen]: Generic - BMM,0,0,0
2016-04-15,373626514,[S[Moonbow_Air Purifier]: Brand - Exact,0,0,0
2016-04-17,373626514,[S[Moonbow_Air Purifier]: Brand - Exact,0,0,0
2016-04-19,373626514,[S[Moonbow_Air Purifier]: Brand - Exact,0,0,0
2016-04-20,373626514,[S[Moonbow_Air Purifier]: Brand - Exact,0,0,0
2016-04-24,373626514,[S[Moonbow_Air Purifier]: Brand - Exact,0,0,0
2016-04-26,373626514,[S[Moonbow_Air Purifier]: Brand - Exact,0,0,0
2016-04-28,373626514,[S[Moonbow_Air Purifier]: Brand - Exact,0,0,0
2016-04-29,373626514,[S[Moonbow_Air Purifier]: Brand - Exact,0,0,0
2016-04-30,373626514,[S[Moonbow_Air Purifier]: Brand - Exact,0,0,0
2016-05-01,373626514,[S[Moonbow_Air Purifier]: Brand - Exact,0,0,0
2016-05-02,373626514,[S[Moonbow_Air Purifier]: Brand - Exact,0,0,0
2016-05-03,373626514,[S[Moonbow_Air Purifier]: Brand - Exact,0,0,0
2016-05-06,373626514,[S[Moonbow_Air Purifier]: Brand - Exact,0,0,0
2016-05-07,373626514,[S[Moonbow_Air Purifier]: Brand - Exact,0,0,0
2016-05-08,373626514,[S[Moonbow_Air Purifier]: Brand - Exact,0,0,0
2016-05-09,373626514,[S[Moonbow_Air Purifier]: Brand - Exact,0,0,0
2016-05-11,373626514,[S[Moonbow_Air Purifier]: Brand - Exact,0,0,0
2016-04-13,373626634,[S[Moonbow_Air Purifier]: Brand - BMM,0,0,0
2016-04-15,373626634,[S[Moonbow_Air Purifier]: Brand - BMM,0,0,0
2016-04-16,373626634,[S[Moonbow_Air Purifier]: Brand - BMM,0,0,0
2016-04-17,373626634,[S[Moonbow_Air Purifier]: Brand - BMM,0,0,0
2016-04-19,373626634,[S[Moonbow_Air Purifier]: Brand - BMM,0,0,0
2016-04-20,373626634,[S[Moonbow_Air Purifier]: Brand - BMM,0,0,0
2016-04-21,373626634,[S[Moonbow_Air Purifier]: Brand - BMM,0,0,0
2016-04-22,373626634,[S[Moonbow_Air Purifier]: Brand - BMM,0,0,0
2016-04-24,373626634,[S[Moonbow_Air Purifier]: Brand - BMM,0,0,0
2016-05-01,373626634,[S[Moonbow_Air Purifier]: Brand - BMM,0,0,0
2016-05-05,373626634,[S[Moonbow_Air Purifier]: Brand - BMM,0,0,0
2016-05-06,373626634,[S[Moonbow_Air Purifier]: Brand - BMM,0,0,0
2016-04-12,373628434,[S[Moonbow_Air Cleaner_Gen]: Generic,0,0,0
2016-04-13,373628434,[S[Moonbow_Air Cleaner_Gen]: Generic,0,0,0
2016-04-15,373628434,[S[Moonbow_Air Cleaner_Gen]: Generic,0,0,0
2016-04-16,373628434,[S[Moonbow_Air Cleaner_Gen]: Generic,0,0,0
2016-04-17,373628434,[S[Moonbow_Air Cleaner_Gen]: Generic,0,0,0
2016-04-18,373628434,[S[Moonbow_Air Cleaner_Gen]: Generic,0,0,0
2016-04-19,373628434,[S[Moonbow_Air Cleaner_Gen]: Generic,0,0,0
2016-04-20,373628434,[S[Moonbow_Air Cleaner_Gen]: Generic,0,0,0
2016-04-21,373628434,[S[Moonbow_Air Cleaner_Gen]: Generic,0,0,0
2016-04-26,373628434,[S[Moonbow_Air Cleaner_Gen]: Generic,0,0,0
2016-04-29,373628434,[S[Moonbow_Air Cleaner_Gen]: Generic,0,0,0
2016-05-05,373628434,[S[Moonbow_Air Cleaner_Gen]: Generic,0,0,0
2016-05-08,373628434,[S[Moonbow_Air Cleaner_Gen]: Generic,0,0,0
2016-05-09,373628434,[S[Moonbow_Air Cleaner_Gen]: Generic,0,0,0
2016-05-11,373628434,[S[Moonbow_Air Cleaner_Gen]: Generic,0,0,0
2016-04-13,373628914,[S[Moonbow_Air Filter]: Generic,0,0,0
2016-04-14,373628914,[S[Moonbow_Air Filter]: Generic,0,0,0
2016-04-19,373628914,[S[Moonbow_Air Filter]: Generic,0,0,0
2016-04-20,373628914,[S[Moonbow_Air Filter]: Generic,0,0,0
2016-04-23,373628914,[S[Moonbow_Air Filter]: Generic,0,0,0
2016-04-26,373628914,[S[Moonbow_Air Filter]: Generic,0,0,0
2016-04-27,373628914,[S[Moonbow_Air Filter]: Generic,0,0,0
2016-05-01,373628914,[S[Moonbow_Air Filter]: Generic,0,0,0
2016-05-02,373628914,[S[Moonbow_Air Filter]: Generic,0,0,0
2016-05-03,373628914,[S[Moonbow_Air Filter]: Generic,0,0,0
2016-05-04,373628914,[S[Moonbow_Air Filter]: Generic,0,0,0
2016-05-05,373628914,[S[Moonbow_Air Filter]: Generic,0,0,0
2016-05-07,373628914,[S[Moonbow_Air Filter]: Generic,0,0,0
2016-05-09,373628914,[S[Moonbow_Air Filter]: Generic,0,0,0
2016-05-10,373628914,[S[Moonbow_Air Filter]: Generic,0,0,0
2016-04-13,374981554,Hindwarehome - Remarketing,0,0,0
2016-04-14,374981554,Hindwarehome - Remarketing,0,0,0
2016-04-15,374981554,Hindwarehome - Remarketing,0,0,0
2016-04-19,374981554,Hindwarehome - Remarketing,0,0,0
2016-04-25,374981554,Hindwarehome - Remarketing,0,0,0
2016-04-26,374981554,Hindwarehome - Remarketing,0,0,0
2016-04-28,374981554,Hindwarehome - Remarketing,0,0,0
2016-04-30,374981554,Hindwarehome - Remarketing,0,0,0
2016-05-02,374981554,Hindwarehome - Remarketing,0,0,0
2016-05-05,374981554,Hindwarehome - Remarketing,0,0,0
2016-05-07,374981554,Hindwarehome - Remarketing,0,0,0
2016-05-08,374981554,Hindwarehome - Remarketing,0,0,0
2016-05-10,374981554,Hindwarehome - Remarketing,0,0,0
2016-04-13,377276674,HINDWAREHOMES ( GDN),0,0,0
2016-04-14,377276674,HINDWAREHOMES ( GDN),0,0,0
2016-04-16,377276674,HINDWAREHOMES ( GDN),0,0,0
2016-04-18,377276674,HINDWAREHOMES ( GDN),0,0,0
2016-04-22,377276674,HINDWAREHOMES ( GDN),0,0,0
2016-04-25,377276674,HINDWAREHOMES ( GDN),0,0,0
2016-04-26,377276674,HINDWAREHOMES ( GDN),0,0,0
2016-04-28,377276674,HINDWAREHOMES ( GDN),0,0,0
2016-05-01,377276674,HINDWAREHOMES ( GDN),0,0,0
2016-05-03,377276674,HINDWAREHOMES ( GDN),0,0,0
2016-05-07,377276674,HINDWAREHOMES ( GDN),0,0,0
2016-05-09,377276674,HINDWAREHOMES ( GDN),0,0,0
2016-04-14,377282074,LICHFL - Search campaign,0,0,0
2016-04-16,377282074,LICHFL - Search campaign,0,0,0
2016-04-18,377282074,LICHFL - Search campaign,0,0,0
2016-04-21,377282074,LICHFL - Search campaign,0,0,0
2016-04-24,377282074,LICHFL - Search campaign,0,0,0
2016-04-26,377282074,LICHFL - Search campaign,0,0,0
2016-04-27,377282074,LICHFL - Search campaign,0,0,0
2016-04-29,377282074,LICHFL - Search campaign,0,0,0
2016-04-30,377282074,LICHFL - Search campaign,0,0,0
2016-05-07,377282074,LICHFL - Search campaign,0,0,0
2016-05-08,377282074,LICHFL - Search campaign,0,0,0
2016-05-09,377282074,LICHFL - Search campaign,0,0,0
2016-05-11,377282074,LICHFL - Search campaign,0,0,0
2016-04-13,377911114,LICHFL-(GDN),0,0,0
2016-04-14,377911114,LICHFL-(GDN),0,0,0
2016-04-16,377911114,LICHFL-(GDN),0,0,0
2016-04-17,377911114,LICHFL-(GDN),0,0,0
2016-04-23,377911114,LICHFL-(GDN),0,0,0
2016-04-24,377911114,LICHFL-(GDN),0,0,0
2016-04-26,377911114,LICHFL-(GDN),0,0,0
2016-04-27,377911114,LICHFL-(GDN),0,0,0
2016-04-29,377911114,LICHFL-(GDN),0,0,0
2016-05-01,377911114,LICHFL-(GDN),0,0,0
2016-05-03,377911114,LICHFL-(GDN),0,0,0
2016-05-06,377911114,LICHFL-(GDN),0,0,0
2016-05-08,377911114,LICHFL-(GDN),0,0,0
2016-05-09,377911114,LICHFL-(GDN),0,0,0
2016-05-11,377911114,LICHFL-(GDN),0,0,0
2016-04-12,377915914,LICHL-Display,0,0,0
2016-04-13,377915914,LICHL-Display,0,0,0
2016-04-16,377915914,LICHL-Display,0,0,0
2016-04-18,377915914,LICHL-Display,0,0,0
2016-04-20,377915914,LICHL-Display,0,0,0
2016-04-28,377915914,LICHL-Display,0,0,0
2016-04-30,377915914,LICHL-Display,0,0,0
2016-05-03,377915914,LICHL-Display,0,0,0
2016-05-04,377915914,LICHL-Display,0,0,0
2016-05-09,377915914,LICHL-Display,0,0,0
2016-05-10,377915914,LICHL-Display,0,0,0
2016-04-13,377917954,LICHFL-(Display),0,0,0
2016-04-18,377917954,LICHFL-(Display),0,0,0
2016-04-19,377917954,LICHFL-(Display),0,0,0
2016-04-20,377917954,LICHFL-(Display),0,0,0
2016-04-25,377917954,LICHFL-(Display),0,0,0
2016-04-26,377917954,LICHFL-(Display),0,0,0
2016-04-27,377917954,LICHFL-(Display),0,0,0
2016-04-28,377917954,LICHFL-(Display),0,0,0
2016-04-29,377917954,LICHFL-(Display),0,0,0
2016-05-01,377917954,LICHFL-(Display),0,0,0
2016-05-02,377917954,LICHFL-(Display),0,0,0
2016-05-03,377917954,LICHFL-(Display),0,0,0
2016-05-04,377917954,LICHFL-(Display),0,0,0
2016-05-05,377917954,LICHFL-(Display),0,0,0
2016-05-07,377917954,LICHFL-(Display),0,0,0
2016-05-09,377917954,LICHFL-(Display),0,0,0
2016-04-13,380380114,Hindwarehome Video ( 15 Sec),0,0,0
2016-04-14,380380114,Hindwarehome Video ( 15 Sec),0,0,0
2016-04-15,380380114,Hindwarehome Video ( 15 Sec),0,0,0
2016-04-16,380380114,Hindwarehome Video ( 15 Sec),0,0,0
2016-04-20,380380114,Hindwarehome Video ( 15 Sec),0,0,0
2016-04-21,380380114,Hindwarehome Video ( 15 Sec),0,0,0
2016-04-24,380380114,Hindwarehome Video ( 15 Sec),0,0,0
2016-04-25,380380114,Hindwarehome Video ( 15 Sec),0,0,0
2016-04-26,380380114,Hindwarehome Video ( 15 Sec),0,0,0
2016-05-02,380380114,Hindwarehome Video ( 15 Sec),0,0,0
2016-05-03,380380114,Hindwarehome Video ( 15 Sec),0,0,0
2016-05-04,380380114,Hindwarehome Video ( 15 Sec),0,0,0
2016-05-05,380380114,Hindwarehome Video ( 15 Sec),0,0,0
2016-05-06,380380114,Hindwarehome Video ( 15 Sec),0,0,0
2016-05-10,380380114,Hindwarehome Video ( 15 Sec),0,0,0
2016-04-12,381641554,Hindware Video Campaign,0,0,0
2016-04-14,381641554,Hindware Video Campaign,0,0,0
2016-04-17,381641554,Hindware Video Campaign,0,0,0
2016-04-21,381641554,Hindware Video Campaign,0,0,0
2016-04-22,381641554,Hindware Video Campaign,0,0,0
2016-04-23,381641554,Hindware Video Campaign,0,0,0
2016-04-24,381641554,Hindware Video Campaign,0,0,0
2016-04-25,381641554,Hindware Video Campaign,0,0,0
2016-04-26,381641554,Hindware Video Campaign,0,0,0
2016-04-27,381641554,Hindware Video Campaign,0,0,0
2016-04-28,381641554,Hindware Video Campaign,0,0,0
2016-04-29,381641554,Hindware Video Campaign,0,0,0
2016-04-30,381641554,Hindware Video Campaign,0,0,0
2016-05-01,381641554,Hindware Video Campaign,0,0,0
2016-05-04,381641554,Hindware Video Campaign,0,0,0
2016-05-06,381641554,Hindware Video Campaign,0,0,0
2016-05-07,381641554,Hindware Video Campaign,0,0,0
2016-05-10,381641554,Hindware Video Campaign,0,0,0
2016-05-11,381641554,Hindware Video Campaign,0,0,0
2016-04-12,382431634,LICHFL ( REVISED),0,0,0
2016-04-13,382431634,LICHFL ( REVISED),0,0,0
2016-04-17,382431634,LICHFL ( REVISED),0,0,0
2016-04-19,382431634,LICHFL ( REVISED),0,0,0
2016-04-22,382431634,LICHFL ( REVISED),0,0,0
2016-04-25,382431634,LICHFL ( REVISED),0,0,0
2016-04-28,382431634,LICHFL ( REVISED),0,0,0
2016-04-29,382431634,LICHFL ( REVISED),0,0,0
2016-04-30,382431634,LICHFL ( REVISED),0,0,0
2016-05-01,382431634,LICHFL ( REVISED),0,0,0
2016-05-02,382431634,LICHFL ( REVISED),0,0,0
2016-05-03,382431634,LICHFL ( REVISED),0,0,0
2016-05-05,382431634,LICHFL ( REVISED),0,0,0
2016-05-06,382431634,LICHFL ( REVISED),0,0,0
2016-05-08,382431634,LICHFL ( REVISED),0,0,0
2016-05-09,382431634,LICHFL ( REVISED),0,0,0
2016-05-11,382431634,LICHFL ( REVISED),0,0,0
2016-04-13,382815034,Moonbow search(Revised),0,0,0
2016-04-14,382815034,Moonbow search(Revised),0,0,0
2016-04-15,382815034,Moonbow search(Revised),0,0,0
2016-04-16,382815034,Moonbow search(Revised),0,0,0
2016-04-18,382815034,Moonbow search(Revised),0,0,0
2016-04-20,382815034,Moonbow search(Revised),0,0,0
2016-04-21,382815034,Moonbow search(Revised),0,0,0
2016-04-22,382815034,Moonbow search(Revised),0,0,0
2016-04-26,382815034,Moonbow search(Revised),0,0,0
2016-04-27,382815034,Moonbow search(Revised),0,0,0
2016-04-28,382815034,Moonbow search(Revised),0,0,0
2016-05-03,382815034,Moonbow search(Revised),0,0,0
2016-05-04,382815034,Moonbow search(Revised),0,0,0
2016-05-06,382815034,Moonbow search(Revised),0,0,0
2016-05-07,382815034,Moonbow search(Revised),0,0,0
2016-05-08,382815034,Moonbow search(Revised),0,0,0
2016-05-09,382815034,Moonbow search(Revised),0,0,0
2016-05-10,382815034,Moonbow search(Revised),0,0,0
2016-05-11,382815034,Moonbow search(Revised),0,0,0
2016-04-14,382816714,Moonbow search(revised),0,0,0
2016-04-16,382816714,Moonbow search(revised),0,0,0
2016-04-20,382816714,Moonbow search(revised),0,0,0
2016-04-22,382816714,Moonbow search(revised),0,0,0
2016-04-25,382816714,Moonbow search(revised),0,0,0
2016-04-28,382816714,Moonbow search(revised),0,0,0
2016-04-29,382816714,Moonbow search(revised),0,0,0
2016-05-02,382816714,Moonbow search(revised),0,0,0
2016-05-03,382816714,Moonbow search(revised),0,0,0
2016-05-05,382816714,Moonbow search(revised),0,0,0
2016-05-06,382816714,Moonbow search(revised),0,0,0
2016-05-07,382816714,Moonbow search(revised),0,0,0
2016-05-08,382816714,Moonbow search(revised),0,0,0
2016-05-09,382816714,Moonbow search(revised),0,0,0
2016-05-10,382816714,Moonbow search(revised),0,0,0
2016-04-12,386105194,HindwareHomes video Ads.... ( 15 Sec),0,0,0
2016-04-13,386105194,HindwareHomes video Ads.... ( 15 Sec),0,0,0
2016-04-14,386105194,HindwareHomes video Ads.... ( 15 Sec),0,0,0
2016-04-16,386105194,HindwareHomes video Ads.... ( 15 Sec),0,0,0
2016-04-18,386105194,HindwareHomes video Ads.... ( 15 Sec),0,0,0
2016-04-21,386105194,HindwareHomes video Ads.... ( 15 Sec),0,0,0
2016-04-22,386105194,HindwareHomes video Ads.... ( 15 Sec),0,0,0
2016-04-23,386105194,HindwareHomes video Ads.... ( 15 Sec),0,0,0
2016-04-25,386105194,HindwareHomes video Ads.... ( 15 Sec),0,0,0
2016-04-27,386105194,HindwareHomes video Ads.... ( 15 Sec),0,0,0
2016-04-29,386105194,HindwareHomes video Ads.... ( 15 Sec),0,0,0
2016-05-01,386105194,HindwareHomes video Ads.... ( 15 Sec),0,0,0
2016-05-04,386105194,HindwareHomes video Ads.... ( 15 Sec),0,0,0
2016-05-05,386105194,HindwareHomes video Ads.... ( 15 Sec),0,0,0
2016-05-07,386105194,HindwareHomes video Ads.... ( 15 Sec),0,0,0
2016-04-13,390878914,TNT GDN,347908,68,517260710
2016-04-15,390878914,TNT GDN,347553,65,506654930
2016-04-19,390878914,TNT GDN,1781,1,2767810
2016-04-20,390878914,TNT GDN,0,0,0
2016-04-21,390878914,TNT GDN,0,0,0
2016-04-23,390878914,TNT GDN,0,0,0
2016-04-26,390878914,TNT GDN,0,0,0
2016-04-27,390878914,TNT GDN,0,0,0
2016-05-01,390878914,TNT GDN,0,0,0
2016-05-04,390878914,TNT GDN,0,0,0
2016-05-10,390878914,TNT GDN,0,0,0
2016-05-11,390878914,TNT GDN,0,0,0
2016-04-15,394914754,Hindware Rimless video promotion,0,0,0
2016-04-16,394914754,Hindware Rimless video promotion,0,0,0
2016-04-17,394914754,Hindware Rimless video promotion,0,0,0
2016-04-19,394914754,Hindware Rimless video promotion,0,0,0
2016-04-20,394914754,Hindware Rimless video promotion,0,0,0
2016-04-21,394914754,Hindware Rimless video promotion,0,0,0
2016-04-22,394914754,Hindware Rimless video promotion,0,0,0
2016-04-24,394914754,Hindware Rimless video promotion,0,0,0
2016-04-29,394914754,Hindware Rimless video promotion,0,0,0
2016-04-30,394914754,Hindware Rimless video promotion,0,0,0
2016-05-06,394914754,Hindware Rimless video promotion,0,0,0
2016-05-08,394914754,Hindware Rimless video promotion,0,0,0
2016-05-09,394914754,Hindware Rimless video promotion,0,0,0
2016-05-10,394914754,Hindware Rimless video promotion,0,0,0
2016-04-13,395092114,Hindwarehome FAN ( Content Targeted),0,0,0
2016-04-14,395092114,Hindwarehome FAN ( Content Targeted),63857,96,23891390000
2016-04-16,395092114,Hindwarehome FAN ( Content Targeted),53693,74,19214570000
2016-04-18,395092114,Hindwarehome FAN ( Content Targeted),44063,69,15614290000
2016-04-20,395092114,Hindwarehome FAN ( Content Targeted),0,0,0
2016-04-22,395092114,Hindwarehome FAN ( Content Targeted),0,0,0
2016-04-24,395092114,Hindwarehome FAN ( Content Targeted),0,0,0
2016-04-27,395092114,Hindwarehome FAN ( Content Targeted),0,0,0
2016-04-30,395092114,Hindwarehome FAN ( Content Targeted),0,0,0
2016-05-01,395092114,Hindwarehome FAN ( Content Targeted),0,0,0
2016-05-02,395092114,Hindwarehome FAN ( Content Targeted),0,0,0
2016-05-04,395092114,Hindwarehome FAN ( Content Targeted),0,0,0
2016-05-05,395092114,Hindwarehome FAN ( Content Targeted),0,0,0
2016-05-06,395092114,Hindwarehome FAN ( Content Targeted),0,0,0
2016-05-08,395092114,Hindwarehome FAN ( Content Targeted),0,0,0
2016-05-09,395092114,Hindwarehome FAN ( Content Targeted),0,0,0
2016-05-10,395092114,Hindwarehome FAN ( Content Targeted),0,0,0
2016-05-11,395092114,Hindwarehome FAN ( Content Targeted),0,0,0
2016-04-14,401253394,Interplanetary Cruise #1461604492036,0,0,0
2016-04-16,401253394,Interplanetary Cruise #1461604492036,0,0,0
2016-04-18,401253394,Interplanetary Cruise #1461604492036,0,0,0
2016-04-19,401253394,Interplanetary Cruise #1461604492036,0,0,0
2016-04-20,401253394,Interplanetary Cruise #1461604492036,0,0,0
2016-04-22,401253394,Interplanetary Cruise #1461604492036,0,0,0
2016-04-25,401253394,Interplanetary Cruise #1461604492036,0,0,0
2016-04-27,401253394,Interplanetary Cruise #1461604492036,0,0,0
2016-04-28,401253394,Interplanetary Cruise #1461604492036,0,0,0
2016-05-01,401253394,Interplanetary Cruise #1461604492036,0,0,0
2016-05-06,401253394,Interplanetary Cruise #1461604492036,0,0,0
2016-05-07,401253394,Interplanetary Cruise #1461604492036,0,0,0
2016-05-08,401253394,Interplanetary Cruise #1461604492036,0,0,0
2016-05-09,401253394,Interplanetary Cruise #1461604492036,0,0,0
2016-05-10,401253394,Interplanetary Cruise #1461604492036,0,0,0
2016-04-12,401253514,Interplanetary Cruise banner #1461604492187,0,0,0
2016-04-14,401253514,Interplanetary Cruise banner #1461604492187,0,0,0
2016-04-16,401253514,Interplanetary Cruise banner #1461604492187,0,0,0
2016-04-17,401253514,Interplanetary Cruise banner #1461604492187,0,0,0
2016-04-18,401253514,Interplanetary Cruise banner #1461604492187,0,0,0
2016-04-20,401253514,Interplanetary Cruise banner #1461604492187,0,0,0
2016-04-21,401253514,Interplanetary Cruise banner #1461604492187,0,0,0
2016-04-22,401253514,Interplanetary Cruise banner #1461604492187,0,0,0
2016-04-23,401253514,Interplanetary Cruise banner #1461604492187,0,0,0
2016-04-25,401253514,Interplanetary Cruise banner #1461604492187,0,0,0
2016-04-27,401253514,Interplanetary Cruise banner #1461604492187,0,0,0
2016-04-28,401253514,Interplanetary Cruise banner #1461604492187,0,0,0
2016-04-29,401253514,Interplanetary Cruise banner #1461604492187,0,0,0
2016-04-30,401253514,Interplanetary Cruise banner #1461604492187,0,0,0
2016-05-04,401253514,Interplanetary Cruise banner #1461604492187,0,0,0
2016-05-05,401253514,Interplanetary Cruise banner #1461604492187,0,0,0
2016-05-08,401253514,Interplanetary Cruise banner #1461604492187,0,0,0
2016-05-11,401253514,Interplanetary Cruise banner #1461604492187,0,0,0
2016-04-13,401500834,Test Campaign,0,0,0
2016-04-15,401500834,Test Campaign,0,0,0
2016-04-16,401500834,Test Campaign,0,0,0
2016-04-17,401500834,Test Campaign,0,0,0
2016-04-19,401500834,Test Campaign,0,0,0
2016-04-20,401500834,Test Campaign,0,0,0
2016-04-21,401500834,Test Campaign,0,0,0
2016-04-24,401500834,Test Campaign,0,0,0
2016-04-29,401500834,Test Campaign,0,0,0
2016-04-30,401500834,Test Campaign,0,0,0
2016-05-02,401500834,Test Campaign,0,0,0
2016-05-03,401500834,Test Campaign,0,0,0
2016-05-05,401500834,Test Campaign,0,0,0
2016-05-06,401500834,Test Campaign,0,0,0
2016-05-09,401500834,Test Campaign,0,0,0
2016-05-10,401500834,Test Campaign,0,0,0
2016-04-12,361299514,Moonbow AF Lunch ( True View),0,0,0
2016-04-14,361299514,Moonbow AF Lunch ( True View),0,0,0
2016-04-19,361299514,Moonbow AF Lunch ( True View),0,0,0
2016-04-20,361299514,Moonbow AF Lunch ( True View),0,0,0
2016-04-22,361299514,Moonbow AF Lunch ( True View),0,0,0
2016-04-23,361299514,Moonbow AF Lunch ( True View),0,0,0
2016-04-24,361299514,Moonbow AF Lunch ( True View),0,0,0
2016-04-25,361299514,Moonbow AF Lunch ( True View),0,0,0
2016-04-27,361299514,Moonbow AF Lunch ( True View),0,0,0
2016-04-28,361299514,Moonbow AF Lunch ( True View),0,0,0
2016-05-02,361299514,Moonbow AF Lunch ( True View),0,0,0
2016-05-03,361299514,Moonbow AF Lunch ( True View),0,0,0
2016-05-08,361299514,Moonbow AF Lunch ( True View),0,0,0
2016-05-09,361299514,Moonbow AF Lunch ( True View),0,0,0
2016-05-11,361299514,Moonbow AF Lunch ( True View),0,0,0
2016-04-12,361299874,Moonbow AF awareness video ( True View),0,0,0
2016-04-13,361299874,Moonbow AF awareness video ( True View),0,0,0
2016-04-14,361299874,Moonbow AF awareness video ( True View),0,0,0
2016-04-16,361299874,Moonbow AF awareness video ( True View),0,0,0
2016-04-17,361299874,Moonbow AF awareness video ( True View),0,0,0
2016-04-18,361299874,Moonbow AF awareness video ( True View),0,0,0
2016-04-19,361299874,Moonbow AF awareness video ( True View),0,0,0
2016-04-20,361299874,Moonbow AF awareness video ( True View),0,0,0
2016-04-21,361299874,Moonbow AF awareness video ( True View),0,0,0
2016-04-22,361299874,Moonbow AF awareness video ( True View),0,0,0
2016-04-23,361299874,Moonbow AF awareness video ( True View),0,0,0
2016-04-24,361299874,Moonbow AF awareness video ( True View),0,0,0
2016-04-27,361299874,Moonbow AF awareness video ( True View),0,0,0
2016-04-28,361299874,Moonbow AF awareness video ( True View),0,0,0
2016-04-29,361299874,Moonbow AF awareness video ( True View),0,0,0
2016-05-02,361299874,Moonbow AF awareness video ( True View),0,0,0
2016-05-06,361299874,Moonbow AF awareness video ( True View),0,0,0
2016-05-08,361299874,Moonbow AF awareness video ( True View),0,0,0
2016-05-10,361299874,Moonbow AF awareness video ( True View),0,0,0
2016-05-11,361299874,Moonbow AF awareness video ( True View),0,0,0
2016-04-12,361977634,Moon bow (Advantedges Contextual Targeting ),0,0,0
2016-04-15,361977634,Moon bow (Advantedges Contextual Targeting ),0,0,0
2016-04-16,361977634,Moon bow (Advantedges Contextual Targeting ),0,0,0
2016-04-17,361977634,Moon bow (Advantedges Contextual Targeting ),0,0,0
2016-04-20,361977634,Moon bow (Advantedges Contextual Targeting ),0,0,0
2016-04-22,361977634,Moon bow (Advantedges Contextual Targeting ),0,0,0
2016-04-25,361977634,Moon bow (Advantedges Contextual Targeting ),0,0,0
2016-04-28,361977634,Moon bow (Advantedges Contextual Targeting ),0,0,0
2016-04-30,361977634,Moon bow (Advantedges Contextual Targeting ),0,0,0
2016-05-01,361977634,Moon bow (Advantedges Contextual Targeting ),0,0,0
2016-05-02,361977634,Moon bow (Advantedges Contextual Targeting ),0,0,0
2016-05-06,361977634,Moon bow (Advantedges Contextual Targeting ),0,0,0
2016-05-07,361977634,Moon bow (Advantedges Contextual Targeting ),0,0,0
2016-05-08,361977634,Moon bow (Advantedges Contextual Targeting ),0,0,0
2016-05-09,361977634,Moon bow (Advantedges Contextual Targeting ),0,0,0
2016-05-10,361977634,Moon bow (Advantedges Contextual Targeting ),0,0,0
2016-05-11,361977634,Moon bow (Advantedges Contextual Targeting ),0,0,0
2016-04-12,362459194,Kylis Lead Gen Campaign,0,0,0
2016-04-15,362459194,Kylis Lead Gen Campaign,0,0,0
2016-04-21,362459194,Kylis Lead Gen Campaign,0,0,0
2016-04-22,362459194,Kylis Lead Gen Campaign,0,0,0
2016-04-25,362459194,Kylis Lead Gen Campaign,0,0,0
2016-04-27,362459194,Kylis Lead Gen Campaign,0,0,0
2016-04-29,362459194,Kylis Lead Gen Campaign,0,0,0
2016-05-02,362459194,Kylis Lead Gen Campaign,0,0,0
2016-05-06,362459194,Kylis Lead Gen Campaign,0,0,0
2016-05-07,362459194,Kylis Lead Gen Campaign,0,0,0
2016-04-18,363250354,Batman Delivery,0,0,0
2016-04-19,363250354,Batman Delivery,0,0,0
2016-04-21,363250354,Batman Delivery,0,0,0
2016-04-23,363250354,Batman Delivery,0,0,0
2016-04-25,363250354,Batman Delivery,0,0,0
2016-04-26,363250354,Batman Delivery,0,0,0
2016-04-27,363250354,Batman Delivery,0,0,0
2016-04-29,363250354,Batman Delivery,0,0,0
2016-04-30,363250354,Batman Delivery,0,0,0
2016-05-01,363250354,Batman Delivery,0,0,0
2016-05-03,363250354,Batman Delivery,0,0,0
2016-05-04,363250354,Batman Delivery,0,0,0
2016-05-06,363250354,Batman Delivery,0,0,0
2016-05-08,363250354,Batman Delivery,0,0,0
2016-04-13,366284074,Moonbow Air purifier Launch ( Search),0,0,0
2016-04-18,366284074,Moonbow Air purifier Launch ( Search),0,0,0
2016-04-19,366284074,Moonbow Air purifier Launch ( Search),0,0,0
2016-04-25,366284074,Moonbow Air purifier Launch ( Search),0,0,0
2016-04-26,366284074,Moonbow Air purifier Launch ( Search),0,0,0
2016-04-27,366284074,Moonbow Air purifier Launch ( Search),0,0,0
2016-04-30,366284074,Moonbow Air purifier Launch ( Search),0,0,0
2016-05-01,366284074,Moonbow Air purifier Launch ( Search),0,0,0
2016-05-02,366284074,Moonbow Air purifier Launch ( Search),0,0,0
2016-05-04,366284074,Moonbow Air purifier Launch ( Search),0,0,0
2016-05-05,366284074,Moonbow Air purifier Launch ( Search),0,0,0
2016-05-09,366284074,Moonbow Air purifier Launch ( Search),0,0,0
2016-05-10,366284074,Moonbow Air purifier Launch ( Search),0,0,0
2016-04-13,366818074,Moonbow Air Purifier ( GDN),0,0,0
2016-04-16,366818074,Moonbow Air Purifier ( GDN),0,0,0
2016-04-19,366818074,Moonbow Air Purifier ( GDN),0,0,0
2016-04-22,366818074,Moonbow Air Purifier ( GDN),0,0,0
2016-04-23,366818074,Moonbow Air Purifier ( GDN),0,0,0
2016-04-24,366818074,Moonbow Air Purifier ( GDN),0,0,0
2016-05-01,366818074,Moonbow Air Purifier ( GDN),0,0,0
2016-05-05,366818074,Moonbow Air Purifier ( GDN),0,0,0
2016-05-06,366818074,Moonbow Air Purifier ( GDN),0,0,0
2016-05-10,366818074,Moonbow Air Purifier ( GDN),0,0,0
2016-05-11,366818074,Moonbow Air Purifier ( GDN),0,0,0
2016-04-16,368117434,Moonbow Remarketing,0,0,0
2016-04-18,368117434,Moonbow Remarketing,0,0,0
2016-04-21,368117434,Moonbow Remarketing,0,0,0
2016-04-23,368117434,Moonbow Remarketing,0,0,0
2016-04-25,368117434,Moonbow Remarketing,0,0,0
2016-04-28,368117434,Moonbow Remarketing,0,0,0
2016-04-29,368117434,Moonbow Remarketing,0,0,0
2016-04-30,368117434,Moonbow Remarketing,0,0,0
2016-05-04,368117434,Moonbow Remarketing,0,0,0
2016-05-05,368117434,Moonbow Remarketing,0,0,0
2016-05-09,368117434,Moonbow Remarketing,0,0,0
2016-05-10,368117434,Moonbow Remarketing,0,0,0
2016-04-12,373619314,[S[Moonbow_Air Purifier_Comp]: Competitor - Exact,0,0,0
2016-04-13,373619314,[S[Moonbow_Air Purifier_Comp]: Competitor - Exact,0,0,0
2016-04-19,373619314,[S[Moonbow_Air Purifier_Comp]: Competitor - Exact,0,0,0
2016-04-21,373619314,[S[Moonbow_Air Purifier_Comp]: Competitor - Exact,0,0,0
2016-04-24,373619314,[S[Moonbow_Air Purifier_Comp]: Competitor - Exact,0,0,0
2016-04-29,373619314,[S[Moonbow_Air Purifier_Comp]: Competitor - Exact,0,0,0
2016-04-30,373619314,[S[Moonbow_Air Purifier_Comp]: Competitor - Exact,0,0,0
2016-05-01,373619314,[S[Moonbow_Air Purifier_Comp]: Competitor - Exact,0,0,0
2016-05-02,373619314,[S[Moonbow_Air Purifier_Comp]: Competitor - Exact,0,0,0
2016-05-03,373619314,[S[Moonbow_Air Purifier_Comp]: Competitor - Exact,0,0,0
2016-05-07,373619314,[S[Moonbow_Air Purifier_Comp]: Competitor - Exact,0,0,0
2016-05-08,373619314,[S[Moonbow_Air Purifier_Comp]: Competitor - Exact,0,0,0
2016-05-09,373619314,[S[Moonbow_Air Purifier_Comp]: Competitor - Exact,0,0,0
2016-05-10,373619314,[S[Moonbow_Air Purifier_Comp]: Competitor - Exact,0,0,0
2016-04-12,373619794,[S[Moonbow_Air Purifier_Gen]: Generic - Exact,0,0,0
2016-04-14,373619794,[S[Moonbow_Air Purifier_Gen]: Generic - Exact,0,0,0
2016-04-15,373619794,[S[Moonbow_Air Purifier_Gen]: Generic - Exact,0,0,0
2016-04-16,373619794,[S[Moonbow_Air Purifier_Gen]: Generic - Exact,0,0,0
2016-04-17,373619794,[S[Moonbow_Air Purifier_Gen]: Generic - Exact,0,0,0
2016-04-19,373619794,[S[Moonbow_Air Purifier_Gen]: Generic - Exact,0,0,0
2016-04-20,373619794,[S[Moonbow_Air Purifier_Gen]: Generic - Exact,0,0,0
2016-04-21,373619794,[S[Moonbow_Air Purifier_Gen]: Generic - Exact,0,0,0
2016-04-22,373619794,[S[Moonbow_Air Purifier_Gen]: Generic - Exact,0,0,0
2016-04-25,373619794,[S[Moonbow_Air Purifier_Gen]: Generic - Exact,0,0,0
2016-04-26,373619794,[S[Moonbow_Air Purifier_Gen]: Generic - Exact,0,0,0
2016-04-27,373619794,[S[Moonbow_Air Purifier_Gen]: Generic - Exact,0,0,0
2016-04-28,373619794,[S[Moonbow_Air Purifier_Gen]: Generic - Exact,0,0,0
2016-04-29,373619794,[S[Moonbow_Air Purifier_Gen]: Generic - Exact,0,0,0
2016-05-02,373619794,[S[Moonbow_Air Purifier_Gen]: Generic - Exact,0,0,0
2016-05-03,373619794,[S[Moonbow_Air Purifier_Gen]: Generic - Exact,0,0,0
2016-05-07,373619794,[S[Moonbow_Air Purifier_Gen]: Generic - Exact,0,0,0
2016-05-09,373619794,[S[Moonbow_Air Purifier_Gen]: Generic - Exact,0,0,0
2016-05-10,373619794,[S[Moonbow_Air Purifier_Gen]: Generic - Exact,0,0,0
2016-05-11,373619794,[S[Moonbow_Air Purifier_Gen]: Generic - Exact,0,0,0
2016-04-14,373620514,[S[Moonbow_Air Purifier_Gen]: Generic - BMM,0,0,0
2016-04-18,373620514,[S[Moonbow_Air Purifier_Gen]: Generic - BMM,0,0,0
2016-04-21,373620514,[S[Moonbow_Air Purifier_Gen]: Generic - BMM,0,0,0
2016-04-25,373620514,[S[Moonbow_Air Purifier_Gen]: Generic - BMM,0,0,0
2016-04-27,373620514,[S[Moonbow_Air Purifier_Gen]: Generic - BMM,0,0,0
2016-04-28,373620514,[S[Moonbow_Air Purifier_Gen]: Generic - BMM,0,0,0
2016-04-29,373620514,[S[Moonbow_Air Purifier_Gen]: Generic - BMM,0,0,0
2016-04-30,373620514,[S[Moonbow_Air Purifier_Gen]: Generic - BMM,0,0,0
2016-05-01,373620514,[S[Moonbow_Air Purifier_Gen]: Generic - BMM,0,0,0
2016-05-02,373620514,[S[Moonbow_Air Purifier_Gen]: Generic - BMM,0,0,0
2016-05-04,373620514,[S[Moonbow_Air Purifier_Gen]: Generic - BMM,0,0,0
2016-05-05,373620514,[S[Moonbow_Air Purifier_Gen]: Generic - BMM,0,0,0
2016-05-09,373620514,[S[Moonbow_Air Purifier_Gen]: Generic - BMM,0,0,0
2016-05-11,373620514,[S[Moonbow_Air Purifier_Gen]: Generic - BMM,0,0,0
2016-04-12,373626514,[S[Moonbow_Air Purifier]: Brand - Exact,0,0,0
2016-04-13,373626514,[S[Moonbow_Air Purifier]: Brand - Exact,0,0,0
2016-04-14,373626514,[S[Moonbow_Air Purifier]: Brand - Exact,0,0,0
2016-04-16,373626514,[S[Moonbow_Air Purifier]: Brand - Exact,0,0,0
2016-04-18,373626514,[S[Moonbow_Air Purifier]: Brand - Exact,0,0,0
2016-04-21,373626514,[S[Moonbow_Air Purifier]: Brand - Exact,0,0,0
2016-04-22,373626514,[S[Moonbow_Air Purifier]: Brand - Exact,0,0,0
2016-04-23,373626514,[S[Moonbow_Air Purifier]: Brand - Exact,0,0,0
2016-04-25,373626514,[S[Moonbow_Air Purifier]: Brand - Exact,0,0,0
2016-04-27,373626514,[S[Moonbow_Air Purifier]: Brand - Exact,0,0,0
2016-05-04,373626514,[S[Moonbow_Air Purifier]: Brand - Exact,0,0,0
2016-05-05,373626514,[S[Moonbow_Air Purifier]: Brand - Exact,0,0,0
2016-05-10,373626514,[S[Moonbow_Air Purifier]: Brand - Exact,0,0,0
2016-04-12,373626634,[S[Moonbow_Air Purifier]: Brand - BMM,0,0,0
2016-04-14,373626634,[S[Moonbow_Air Purifier]: Brand - BMM,0,0,0
2016-04-18,373626634,[S[Moonbow_Air Purifier]: Brand - BMM,0,0,0
2016-04-23,373626634,[S[Moonbow_Air Purifier]: Brand - BMM,0,0,0
2016-04-25,373626634,[S[Moonbow_Air Purifier]: Brand - BMM,0,0,0
2016-04-26,373626634,[S[Moonbow_Air Purifier]: Brand - BMM,0,0,0
2016-04-27,373626634,[S[Moonbow_Air Purifier]: Brand - BMM,0,0,0
2016-04-28,373626634,[S[Moonbow_Air Purifier]: Brand - BMM,0,0,0
2016-04-29,373626634,[S[Moonbow_Air Purifier]: Brand - BMM,0,0,0
2016-04-30,373626634,[S[Moonbow_Air Purifier]: Brand - BMM,0,0,0
2016-05-02,373626634,[S[Moonbow_Air Purifier]: Brand - BMM,0,0,0
2016-05-03,373626634,[S[Moonbow_Air Purifier]: Brand - BMM,0,0,0
2016-05-04,373626634,[S[Moonbow_Air Purifier]: Brand - BMM,0,0,0
2016-05-07,373626634,[S[Moonbow_Air Purifier]: Brand - BMM,0,0,0
2016-05-08,373626634,[S[Moonbow_Air Purifier]: Brand - BMM,0,0,0
2016-05-09,373626634,[S[Moonbow_Air Purifier]: Brand - BMM,0,0,0
2016-05-10,373626634,[S[Moonbow_Air Purifier]: Brand - BMM,0,0,0
2016-05-11,373626634,[S[Moonbow_Air Purifier]: Brand - BMM,0,0,0
2016-04-14,373628434,[S[Moonbow_Air Cleaner_Gen]: Generic,0,0,0
2016-04-22,373628434,[S[Moonbow_Air Cleaner_Gen]: Generic,0,0,0
2016-04-23,373628434,[S[Moonbow_Air Cleaner_Gen]: Generic,0,0,0
2016-04-24,373628434,[S[Moonbow_Air Cleaner_Gen]: Generic,0,0,0
2016-04-25,373628434,[S[Moonbow_Air Cleaner_Gen]: Generic,0,0,0
2016-04-27,373628434,[S[Moonbow_Air Cleaner_Gen]: Generic,0,0,0
2016-04-28,373628434,[S[Moonbow_Air Cleaner_Gen]: Generic,0,0,0
2016-04-30,373628434,[S[Moonbow_Air Cleaner_Gen]: Generic,0,0,0
2016-05-01,373628434,[S[Moonbow_Air Cleaner_Gen]: Generic,0,0,0
2016-05-02,373628434,[S[Moonbow_Air Cleaner_Gen]: Generic,0,0,0
2016-05-03,373628434,[S[Moonbow_Air Cleaner_Gen]: Generic,0,0,0
2016-05-04,373628434,[S[Moonbow_Air Cleaner_Gen]: Generic,0,0,0
2016-05-06,373628434,[S[Moonbow_Air Cleaner_Gen]: Generic,0,0,0
2016-05-07,373628434,[S[Moonbow_Air Cleaner_Gen]: Generic,0,0,0
2016-05-10,373628434,[S[Moonbow_Air Cleaner_Gen]: Generic,0,0,0
2016-04-12,373628914,[S[Moonbow_Air Filter]: Generic,0,0,0
2016-04-15,373628914,[S[Moonbow_Air Filter]: Generic,0,0,0
2016-04-16,373628914,[S[Moonbow_Air Filter]: Generic,0,0,0
2016-04-17,373628914,[S[Moonbow_Air Filter]: Generic,0,0,0
2016-04-18,373628914,[S[Moonbow_Air Filter]: Generic,0,0,0
2016-04-21,373628914,[S[Moonbow_Air Filter]: Generic,0,0,0
2016-04-22,373628914,[S[Moonbow_Air Filter]: Generic,0,0,0
2016-04-24,373628914,[S[Moonbow_Air Filter]: Generic,0,0,0
2016-04-25,373628914,[S[Moonbow_Air Filter]: Generic,0,0,0
2016-04-28,373628914,[S[Moonbow_Air Filter]: Generic,0,0,0
2016-04-29,373628914,[S[Moonbow_Air Filter]: Generic,0,0,0
2016-04-30,373628914,[S[Moonbow_Air Filter]: Generic,0,0,0
2016-05-06,373628914,[S[Moonbow_Air Filter]: Generic,0,0,0
2016-05-08,373628914,[S[Moonbow_Air Filter]: Generic,0,0,0
2016-05-11,373628914,[S[Moonbow_Air Filter]: Generic,0,0,0
2016-04-12,374981554,Hindwarehome - Remarketing,0,0,0
2016-04-16,374981554,Hindwarehome - Remarketing,0,0,0
2016-04-17,374981554,Hindwarehome - Remarketing,0,0,0
2016-04-18,374981554,Hindwarehome - Remarketing,0,0,0
2016-04-20,374981554,Hindwarehome - Remarketing,0,0,0
2016-04-21,374981554,Hindwarehome - Remarketing,0,0,0
2016-04-22,374981554,Hindwarehome - Remarketing,0,0,0
2016-04-23,374981554,Hindwarehome - Remarketing,0,0,0
2016-04-24,374981554,Hindwarehome - Remarketing,0,0,0
2016-04-27,374981554,Hindwarehome - Remarketing,0,0,0
2016-04-29,374981554,Hindwarehome - Remarketing,0,0,0
2016-05-01,374981554,Hindwarehome - Remarketing,0,0,0
2016-05-03,374981554,Hindwarehome - Remarketing,0,0,0
2016-05-04,374981554,Hindwarehome - Remarketing,0,0,0
2016-05-06,374981554,Hindwarehome - Remarketing,0,0,0
2016-05-09,374981554,Hindwarehome - Remarketing,0,0,0
2016-05-11,374981554,Hindwarehome - Remarketing,0,0,0
2016-04-12,377276674,HINDWAREHOMES ( GDN),0,0,0
2016-04-15,377276674,HINDWAREHOMES ( GDN),0,0,0
2016-04-17,377276674,HINDWAREHOMES ( GDN),0,0,0
2016-04-19,377276674,HINDWAREHOMES ( GDN),0,0,0
2016-04-20,377276674,HINDWAREHOMES ( GDN),0,0,0
2016-04-21,377276674,HINDWAREHOMES ( GDN),0,0,0
2016-04-23,377276674,HINDWAREHOMES ( GDN),0,0,0
2016-04-24,377276674,HINDWAREHOMES ( GDN),0,0,0
2016-04-27,377276674,HINDWAREHOMES ( GDN),0,0,0
2016-04-29,377276674,HINDWAREHOMES ( GDN),0,0,0
2016-04-30,377276674,HINDWAREHOMES ( GDN),0,0,0
2016-05-02,377276674,HINDWAREHOMES ( GDN),0,0,0
2016-05-04,377276674,HINDWAREHOMES ( GDN),0,0,0
2016-05-05,377276674,HINDWAREHOMES ( GDN),0,0,0
2016-05-06,377276674,HINDWAREHOMES ( GDN),0,0,0
2016-05-08,377276674,HINDWAREHOMES ( GDN),0,0,0
2016-05-10,377276674,HINDWAREHOMES ( GDN),0,0,0
2016-05-11,377276674,HINDWAREHOMES ( GDN),0,0,0
2016-04-12,377282074,LICHFL - Search campaign,0,0,0
2016-04-13,377282074,LICHFL - Search campaign,0,0,0
2016-04-15,377282074,LICHFL - Search campaign,0,0,0
2016-04-17,377282074,LICHFL - Search campaign,0,0,0
2016-04-19,377282074,LICHFL - Search campaign,0,0,0
2016-04-20,377282074,LICHFL - Search campaign,0,0,0
2016-04-22,377282074,LICHFL - Search campaign,0,0,0
2016-04-23,377282074,LICHFL - Search campaign,0,0,0
2016-04-25,377282074,LICHFL - Search campaign,0,0,0
2016-04-28,377282074,LICHFL - Search campaign,0,0,0
2016-05-01,377282074,LICHFL - Search campaign,0,0,0
2016-05-02,377282074,LICHFL - Search campaign,0,0,0
2016-05-03,377282074,LICHFL - Search campaign,0,0,0
2016-05-04,377282074,LICHFL - Search campaign,0,0,0
2016-05-05,377282074,LICHFL - Search campaign,0,0,0
2016-05-06,377282074,LICHFL - Search campaign,0,0,0
2016-05-10,377282074,LICHFL - Search campaign,0,0,0
2016-04-12,377911114,LICHFL-(GDN),0,0,0
2016-04-15,377911114,LICHFL-(GDN),0,0,0
2016-04-18,377911114,LICHFL-(GDN),0,0,0
2016-04-19,377911114,LICHFL-(GDN),0,0,0
2016-04-20,377911114,LICHFL-(GDN),0,0,0
2016-04-21,377911114,LICHFL-(GDN),0,0,0
2016-04-22,377911114,LICHFL-(GDN),0,0,0
2016-04-25,377911114,LICHFL-(GDN),0,0,0
2016-04-28,377911114,LICHFL-(GDN),0,0,0
2016-04-30,377911114,LICHFL-(GDN),0,0,0
2016-05-02,377911114,LICHFL-(GDN),0,0,0
2016-05-04,377911114,LICHFL-(GDN),0,0,0
2016-05-05,377911114,LICHFL-(GDN),0,0,0
2016-05-07,377911114,LICHFL-(GDN),0,0,0
2016-05-10,377911114,LICHFL-(GDN),0,0,0
2016-04-14,377915914,LICHL-Display,0,0,0
2016-04-15,377915914,LICHL-Display,0,0,0
2016-04-17,377915914,LICHL-Display,0,0,0
2016-04-19,377915914,LICHL-Display,0,0,0
2016-04-21,377915914,LICHL-Display,0,0,0
2016-04-22,377915914,LICHL-Display,0,0,0
2016-04-23,377915914,LICHL-Display,0,0,0
2016-04-24,377915914,LICHL-Display,0,0,0
2016-04-25,377915914,LICHL-Display,0,0,0
2016-04-26,377915914,LICHL-Display,0,0,0
2016-04-27,377915914,LICHL-Display,0,0,0
2016-04-29,377915914,LICHL-Display,0,0,0
2016-05-01,377915914,LICHL-Display,0,0,0
2016-05-02,377915914,LICHL-Display,0,0,0
2016-05-05,377915914,LICHL-Display,0,0,0
2016-05-06,377915914,LICHL-Display,0,0,0
2016-05-07,377915914,LICHL-Display,0,0,0
2016-05-08,377915914,LICHL-Display,0,0,0
2016-05-11,377915914,LICHL-Display,0,0,0
2016-04-12,377917954,LICHFL-(Display),0,0,0
2016-04-14,377917954,LICHFL-(Display),0,0,0
2016-04-15,377917954,LICHFL-(Display),0,0,0
2016-04-16,377917954,LICHFL-(Display),0,0,0
2016-04-17,377917954,LICHFL-(Display),0,0,0
2016-04-21,377917954,LICHFL-(Display),0,0,0
2016-04-22,377917954,LICHFL-(Display),0,0,0
2016-04-23,377917954,LICHFL-(Display),0,0,0
2016-04-24,377917954,LICHFL-(Display),0,0,0
2016-04-30,377917954,LICHFL-(Display),0,0,0
2016-05-06,377917954,LICHFL-(Display),0,0,0
2016-05-08,377917954,LICHFL-(Display),0,0,0
2016-05-10,377917954,LICHFL-(Display),0,0,0
2016-05-11,377917954,LICHFL-(Display),0,0,0
2016-04-12,380380114,Hindwarehome Video ( 15 Sec),0,0,0
2016-04-17,380380114,Hindwarehome Video ( 15 Sec),0,0,0
2016-04-18,380380114,Hindwarehome Video ( 15 Sec),0,0,0
2016-04-19,380380114,Hindwarehome Video ( 15 Sec),0,0,0
2016-04-22,380380114,Hindwarehome Video ( 15 Sec),0,0,0
2016-04-23,380380114,Hindwarehome Video ( 15 Sec),0,0,0
2016-04-27,380380114,Hindwarehome Video ( 15 Sec),0,0,0
2016-04-28,380380114,Hindwarehome Video ( 15 Sec),0,0,0
2016-04-29,380380114,Hindwarehome Video ( 15 Sec),0,0,0
2016-04-30,380380114,Hindwarehome Video ( 15 Sec),0,0,0
2016-05-01,380380114,Hindwarehome Video ( 15 Sec),0,0,0
2016-05-07,380380114,Hindwarehome Video ( 15 Sec),0,0,0
2016-05-08,380380114,Hindwarehome Video ( 15 Sec),0,0,0
2016-05-09,380380114,Hindwarehome Video ( 15 Sec),0,0,0
2016-05-11,380380114,Hindwarehome Video ( 15 Sec),0,0,0
2016-04-13,381641554,Hindware Video Campaign,0,0,0
2016-04-15,381641554,Hindware Video Campaign,0,0,0
2016-04-16,381641554,Hindware Video Campaign,0,0,0
2016-04-18,381641554,Hindware Video Campaign,0,0,0
2016-04-19,381641554,Hindware Video Campaign,0,0,0
2016-04-20,381641554,Hindware Video Campaign,0,0,0
2016-05-02,381641554,Hindware Video Campaign,0,0,0
2016-05-03,381641554,Hindware Video Campaign,0,0,0
2016-05-05,381641554,Hindware Video Campaign,0,0,0
2016-05-08,381641554,Hindware Video Campaign,0,0,0
2016-05-09,381641554,Hindware Video Campaign,0,0,0
2016-04-14,382431634,LICHFL ( REVISED),0,0,0
2016-04-15,382431634,LICHFL ( REVISED),0,0,0
2016-04-16,382431634,LICHFL ( REVISED),0,0,0
2016-04-18,382431634,LICHFL ( REVISED),0,0,0
2016-04-20,382431634,LICHFL ( REVISED),0,0,0
2016-04-21,382431634,LICHFL ( REVISED),0,0,0
2016-04-23,382431634,LICHFL ( REVISED),0,0,0
2016-04-24,382431634,LICHFL ( REVISED),0,0,0
2016-04-26,382431634,LICHFL ( REVISED),0,0,0
2016-04-27,382431634,LICHFL ( REVISED),0,0,0
2016-05-04,382431634,LICHFL ( REVISED),0,0,0
2016-05-07,382431634,LICHFL ( REVISED),0,0,0
2016-05-10,382431634,LICHFL ( REVISED),0,0,0
2016-04-12,382815034,Moonbow search(Revised),0,0,0
2016-04-17,382815034,Moonbow search(Revised),0,0,0
2016-04-19,382815034,Moonbow search(Revised),0,0,0
2016-04-23,382815034,Moonbow search(Revised),0,0,0
2016-04-24,382815034,Moonbow search(Revised),0,0,0
2016-04-25,382815034,Moonbow search(Revised),0,0,0
2016-04-29,382815034,Moonbow search(Revised),0,0,0
2016-04-30,382815034,Moonbow search(Revised),0,0,0
2016-05-01,382815034,Moonbow search(Revised),0,0,0
2016-05-02,382815034,Moonbow search(Revised),0,0,0
2016-05-05,382815034,Moonbow search(Revised),0,0,0
2016-04-12,382816714,Moonbow search(revised),0,0,0
2016-04-13,382816714,Moonbow search(revised),0,0,0
2016-04-15,382816714,Moonbow search(revised),0,0,0
2016-04-17,382816714,Moonbow search(revised),0,0,0
2016-04-18,382816714,Moonbow search(revised),0,0,0
2016-04-19,382816714,Moonbow search(revised),0,0,0
2016-04-21,382816714,Moonbow search(revised),0,0,0
2016-04-23,382816714,Moonbow search(revised),0,0,0
2016-04-24,382816714,Moonbow search(revised),0,0,0
2016-04-26,382816714,Moonbow search(revised),0,0,0
2016-04-27,382816714,Moonbow search(revised),0,0,0
2016-04-30,382816714,Moonbow search(revised),0,0,0
2016-05-01,382816714,Moonbow search(revised),0,0,0
2016-05-04,382816714,Moonbow search(revised),0,0,0
2016-05-11,382816714,Moonbow search(revised),0,0,0
2016-04-15,386105194,HindwareHomes video Ads.... ( 15 Sec),0,0,0
2016-04-17,386105194,HindwareHomes video Ads.... ( 15 Sec),0,0,0
2016-04-19,386105194,HindwareHomes video Ads.... ( 15 Sec),0,0,0
2016-04-20,386105194,HindwareHomes video Ads.... ( 15 Sec),0,0,0
2016-04-24,386105194,HindwareHomes video Ads.... ( 15 Sec),0,0,0
2016-04-26,386105194,HindwareHomes video Ads.... ( 15 Sec),0,0,0
2016-04-28,386105194,HindwareHomes video Ads.... ( 15 Sec),0,0,0
2016-04-30,386105194,HindwareHomes video Ads.... ( 15 Sec),0,0,0
2016-05-02,386105194,HindwareHomes video Ads.... ( 15 Sec),0,0,0
2016-05-03,386105194,HindwareHomes video Ads.... ( 15 Sec),0,0,0
2016-05-06,386105194,HindwareHomes video Ads.... ( 15 Sec),0,0,0
2016-05-08,386105194,HindwareHomes video Ads.... ( 15 Sec),0,0,0
2016-05-09,386105194,HindwareHomes video Ads.... ( 15 Sec),0,0,0
2016-05-10,386105194,HindwareHomes video Ads.... ( 15 Sec),0,0,0
2016-05-11,386105194,HindwareHomes video Ads.... ( 15 Sec),0,0,0
2016-04-12,390878914,TNT GDN,340884,68,528700750
2016-04-14,390878914,TNT GDN,341785,99,501386440
2016-04-16,390878914,TNT GDN,307664,54,501067570
2016-04-17,390878914,TNT GDN,352199,89,500589570
2016-04-18,390878914,TNT GDN,321946,54,526142640
2016-04-22,390878914,TNT GDN,0,0,0
2016-04-24,390878914,TNT GDN,0,0,0
2016-04-25,390878914,TNT GDN,0,0,0
2016-04-28,390878914,TNT GDN,0,0,0
2016-04-29,390878914,TNT GDN,0,0,0
2016-04-30,390878914,TNT GDN,0,0,0
2016-05-02,390878914,TNT GDN,0,0,0
2016-05-03,390878914,TNT GDN,0,0,0
2016-05-05,390878914,TNT GDN,0,0,0
2016-05-06,390878914,TNT GDN,0,0,0
2016-05-07,390878914,TNT GDN,0,0,0
2016-05-08,390878914,TNT GDN,0,0,0
2016-05-09,390878914,TNT GDN,0,0,0
2016-04-12,394914754,Hindware Rimless video promotion,36227,64,12135740000
2016-04-13,394914754,Hindware Rimless video promotion,1541,5,564150000
2016-04-14,394914754,Hindware Rimless video promotion,0,0,0
2016-04-18,394914754,Hindware Rimless video promotion,0,0,0
2016-04-23,394914754,Hindware Rimless video promotion,0,0,0
2016-04-25,394914754,Hindware Rimless video promotion,0,0,0
2016-04-26,394914754,Hindware Rimless video promotion,0,0,0
2016-04-27,394914754,Hindware Rimless video promotion,0,0,0
2016-04-28,394914754,Hindware Rimless video promotion,0,0,0
2016-05-01,394914754,Hindware Rimless video promotion,0,0,0
2016-05-02,394914754,Hindware Rimless video promotion,0,0,0
2016-05-03,394914754,Hindware Rimless video promotion,0,0,0
2016-05-04,394914754,Hindware Rimless video promotion,0,0,0
2016-05-05,394914754,Hindware Rimless video promotion,0,0,0
2016-05-07,394914754,Hindware Rimless video promotion,0,0,0
2016-05-11,394914754,Hindware Rimless video promotion,0,0,0
2016-04-12,395092114,Hindwarehome FAN ( Content Targeted),0,0,0
2016-04-15,395092114,Hindwarehome FAN ( Content Targeted),54874,90,19358310000
2016-04-17,395092114,Hindwarehome FAN ( Content Targeted),58340,85,19241180000
2016-04-19,395092114,Hindwarehome FAN ( Content Targeted),0,0,0
2016-04-21,395092114,Hindwarehome FAN ( Content Targeted),0,0,0
2016-04-23,395092114,Hindwarehome FAN ( Content Targeted),0,0,0
2016-04-25,395092114,Hindwarehome FAN ( Content Targeted),0,0,0
2016-04-26,395092114,Hindwarehome FAN ( Content Targeted),0,0,0
2016-04-28,395092114,Hindwarehome FAN ( Content Targeted),0,0,0
2016-04-29,395092114,Hindwarehome FAN ( Content Targeted),0,0,0
2016-05-03,395092114,Hindwarehome FAN ( Content Targeted),0,0,0
2016-05-07,395092114,Hindwarehome FAN ( Content Targeted),0,0,0
2016-04-12,401253394,Interplanetary Cruise #1461604492036,0,0,0
2016-04-13,401253394,Interplanetary Cruise #1461604492036,0,0,0
2016-04-15,401253394,Interplanetary Cruise #1461604492036,0,0,0
2016-04-17,401253394,Interplanetary Cruise #1461604492036,0,0,0
2016-04-21,401253394,Interplanetary Cruise #1461604492036,0,0,0
2016-04-23,401253394,Interplanetary Cruise #1461604492036,0,0,0
2016-04-24,401253394,Interplanetary Cruise #1461604492036,0,0,0
2016-04-26,401253394,Interplanetary Cruise #1461604492036,0,0,0
2016-04-29,401253394,Interplanetary Cruise #1461604492036,0,0,0
2016-04-30,401253394,Interplanetary Cruise #1461604492036,0,0,0
2016-05-02,401253394,Interplanetary Cruise #1461604492036,0,0,0
2016-05-03,401253394,Interplanetary Cruise #1461604492036,0,0,0
2016-05-04,401253394,Interplanetary Cruise #1461604492036,0,0,0
2016-05-05,401253394,Interplanetary Cruise #1461604492036,0,0,0
2016-05-11,401253394,Interplanetary Cruise #1461604492036,0,0,0
2016-04-13,401253514,Interplanetary Cruise banner #1461604492187,0,0,0
2016-04-15,401253514,Interplanetary Cruise banner #1461604492187,0,0,0
2016-04-19,401253514,Interplanetary Cruise banner #1461604492187,0,0,0
2016-04-24,401253514,Interplanetary Cruise banner #1461604492187,0,0,0
2016-04-26,401253514,Interplanetary Cruise banner #1461604492187,0,0,0
2016-05-01,401253514,Interplanetary Cruise banner #1461604492187,0,0,0
2016-05-02,401253514,Interplanetary Cruise banner #1461604492187,0,0,0
2016-05-03,401253514,Interplanetary Cruise banner #1461604492187,0,0,0
2016-05-06,401253514,Interplanetary Cruise banner #1461604492187,0,0,0
2016-05-07,401253514,Interplanetary Cruise banner #1461604492187,0,0,0
2016-05-09,401253514,Interplanetary Cruise banner #1461604492187,0,0,0
2016-05-10,401253514,Interplanetary Cruise banner #1461604492187,0,0,0
2016-04-12,401500834,Test Campaign,0,0,0
2016-04-14,401500834,Test Campaign,0,0,0
2016-04-18,401500834,Test Campaign,0,0,0
2016-04-22,401500834,Test Campaign,0,0,0
2016-04-23,401500834,Test Campaign,0,0,0
2016-04-25,401500834,Test Campaign,0,0,0
2016-04-26,401500834,Test Campaign,0,0,0
2016-04-27,401500834,Test Campaign,0,0,0
2016-04-28,401500834,Test Campaign,0,0,0
2016-05-01,401500834,Test Campaign,0,0,0
2016-05-04,401500834,Test Campaign,0,0,0
2016-05-07,401500834,Test Campaign,0,0,0
2016-05-08,401500834,Test Campaign,0,0,0
2016-05-11,401500834,Test Campaign,0,0,0
Total, --, --,2674315,981,113604200420
